{
	"credit": "Made with Blockbench",
	"textures": {
		"0": "./dealwit",
		"particle": "./dealwit"
	},
	"elements": [
		{
			"from": [4, 3.5, 4],
			"to": [12, 11.5, 12],
			"faces": {
				"north": {"uv": [0, 10.75, 2, 12.75], "texture": "#0"},
				"east": {"uv": [0, 12.75, 2, 14.75], "texture": "#0"},
				"south": {"uv": [0, 10.75, 0, 10.75], "texture": "#0"},
				"west": {"uv": [2, 12.75, 0, 14.75], "texture": "#0"},
				"up": {"uv": [0.25, 0.5, 0.75, 1], "texture": "#0"},
				"down": {"uv": [0.25, 0.5, 0.75, 1], "texture": "#0"}
			}
		},
		{
			"from": [12, 11.5, 12],
			"to": [4, 3.5, 4],
			"faces": {
				"north": {"uv": [0, 10.75, 0, 10.75], "rotation": 180, "texture": "#0"},
				"east": {"uv": [0, 12.75, 2, 14.75], "rotation": 180, "texture": "#0"},
				"south": {"uv": [2, 10.75, 0, 12.75], "rotation": 180, "texture": "#0"},
				"west": {"uv": [2, 12.75, 0, 14.75], "rotation": 180, "texture": "#0"},
				"up": {"uv": [0.25, 0.5, 0.75, 1], "texture": "#0"},
				"down": {"uv": [0.25, 0.5, 0.75, 1], "texture": "#0"}
			}
		},
		{
			"from": [12, 11, 12],
			"to": [4, 3, 4],
			"faces": {
				"north": {"uv": [2, 10.75, 2, 10.75], "rotation": 180, "texture": "#0"},
				"east": {"uv": [2, 12.75, 4, 14.75], "rotation": 180, "texture": "#0"},
				"south": {"uv": [4, 10.75, 2, 12.75], "rotation": 180, "texture": "#0"},
				"west": {"uv": [4, 12.75, 2, 14.75], "rotation": 180, "texture": "#0"},
				"up": {"uv": [0.25, 0.5, 0.75, 1], "texture": "#0"},
				"down": {"uv": [0.25, 0.5, 0.75, 1], "texture": "#0"}
			}
		},
		{
			"from": [4, 3, 4],
			"to": [12, 11, 12],
			"faces": {
				"north": {"uv": [2, 10.75, 4, 12.75], "texture": "#0"},
				"east": {"uv": [2, 12.75, 4, 14.75], "texture": "#0"},
				"south": {"uv": [2, 10.75, 2, 10.75], "texture": "#0"},
				"west": {"uv": [4, 12.75, 2, 14.75], "texture": "#0"},
				"up": {"uv": [0.25, 0.5, 0.75, 1], "texture": "#0"},
				"down": {"uv": [0.25, 0.5, 0.75, 1], "texture": "#0"}
			}
		},
		{
			"from": [4, 2.5, 4],
			"to": [12, 10.5, 12],
			"faces": {
				"north": {"uv": [4, 10.75, 6, 12.75], "texture": "#0"},
				"east": {"uv": [4, 12.75, 6, 14.75], "texture": "#0"},
				"south": {"uv": [4, 10.75, 4, 10.75], "texture": "#0"},
				"west": {"uv": [6, 12.75, 4, 14.75], "texture": "#0"},
				"up": {"uv": [0.25, 0.5, 0.75, 1], "texture": "#0"},
				"down": {"uv": [0.25, 0.5, 0.75, 1], "texture": "#0"}
			}
		},
		{
			"from": [12, 10.5, 12],
			"to": [4, 2.5, 4],
			"faces": {
				"north": {"uv": [4, 10.75, 4, 10.75], "rotation": 180, "texture": "#0"},
				"east": {"uv": [4, 12.75, 6, 14.75], "rotation": 180, "texture": "#0"},
				"south": {"uv": [6, 10.75, 4, 12.75], "rotation": 180, "texture": "#0"},
				"west": {"uv": [6, 12.75, 4, 14.75], "rotation": 180, "texture": "#0"},
				"up": {"uv": [0.25, 0.5, 0.75, 1], "texture": "#0"},
				"down": {"uv": [0.25, 0.5, 0.75, 1], "texture": "#0"}
			}
		},
		{
			"from": [4, 2, 4],
			"to": [12, 10, 12],
			"faces": {
				"north": {"uv": [6, 10.75, 8, 12.75], "texture": "#0"},
				"east": {"uv": [6, 12.75, 8, 14.75], "texture": "#0"},
				"south": {"uv": [6, 10.75, 6, 10.75], "texture": "#0"},
				"west": {"uv": [8, 12.75, 6, 14.75], "texture": "#0"},
				"up": {"uv": [0.25, 0.5, 0.75, 1], "texture": "#0"},
				"down": {"uv": [0.25, 0.5, 0.75, 1], "texture": "#0"}
			}
		},
		{
			"from": [12, 10, 12],
			"to": [4, 2, 4],
			"faces": {
				"north": {"uv": [6, 10.75, 6, 10.75], "rotation": 180, "texture": "#0"},
				"east": {"uv": [6, 12.75, 8, 14.75], "rotation": 180, "texture": "#0"},
				"south": {"uv": [8, 10.75, 6, 12.75], "rotation": 180, "texture": "#0"},
				"west": {"uv": [8, 12.75, 6, 14.75], "rotation": 180, "texture": "#0"},
				"up": {"uv": [0.25, 0.5, 0.75, 1], "texture": "#0"},
				"down": {"uv": [0.25, 0.5, 0.75, 1], "texture": "#0"}
			}
		},
		{
			"from": [4, 1.5, 4],
			"to": [12, 9.5, 12],
			"faces": {
				"north": {"uv": [8, 10.75, 10, 12.75], "texture": "#0"},
				"east": {"uv": [8, 12.75, 10, 14.75], "texture": "#0"},
				"south": {"uv": [8, 10.75, 8, 10.75], "texture": "#0"},
				"west": {"uv": [10, 12.75, 8, 14.75], "texture": "#0"},
				"up": {"uv": [0.25, 0.5, 0.75, 1], "texture": "#0"},
				"down": {"uv": [0.25, 0.5, 0.75, 1], "texture": "#0"}
			}
		},
		{
			"from": [12, 9.5, 12],
			"to": [4, 1.5, 4],
			"faces": {
				"north": {"uv": [8, 10.75, 8, 10.75], "rotation": 180, "texture": "#0"},
				"east": {"uv": [8, 12.75, 10, 14.75], "rotation": 180, "texture": "#0"},
				"south": {"uv": [10, 10.75, 8, 12.75], "rotation": 180, "texture": "#0"},
				"west": {"uv": [10, 12.75, 8, 14.75], "rotation": 180, "texture": "#0"},
				"up": {"uv": [0.25, 0.5, 0.75, 1], "texture": "#0"},
				"down": {"uv": [0.25, 0.5, 0.75, 1], "texture": "#0"}
			}
		},
		{
			"from": [4, 0.25, 4],
			"to": [12, 8.25, 12],
			"faces": {
				"north": {"uv": [10, 10.75, 12, 12.75], "texture": "#0"},
				"east": {"uv": [10, 12.75, 12, 14.75], "texture": "#0"},
				"south": {"uv": [10, 10.75, 10, 10.75], "texture": "#0"},
				"west": {"uv": [12, 12.75, 10, 14.75], "texture": "#0"},
				"up": {"uv": [0.25, 0.5, 0.75, 1], "texture": "#0"},
				"down": {"uv": [0.25, 0.5, 0.75, 1], "texture": "#0"}
			}
		},
		{
			"from": [12, 8.25, 12],
			"to": [4, 0.25, 4],
			"faces": {
				"north": {"uv": [10, 10.75, 10, 10.75], "rotation": 180, "texture": "#0"},
				"east": {"uv": [10, 12.75, 12, 14.75], "rotation": 180, "texture": "#0"},
				"south": {"uv": [12, 10.75, 10, 12.75], "rotation": 180, "texture": "#0"},
				"west": {"uv": [12, 12.75, 10, 14.75], "rotation": 180, "texture": "#0"},
				"up": {"uv": [0.25, 0.5, 0.75, 1], "texture": "#0"},
				"down": {"uv": [0.25, 0.5, 0.75, 1], "texture": "#0"}
			}
		},
		{
			"from": [4, 0.5, 4],
			"to": [12, 8.5, 12],
			"faces": {
				"north": {"uv": [12, 10.75, 14, 12.75], "texture": "#0"},
				"east": {"uv": [12, 12.75, 14, 14.75], "texture": "#0"},
				"south": {"uv": [12, 10.75, 12, 10.75], "texture": "#0"},
				"west": {"uv": [14, 12.75, 12, 14.75], "texture": "#0"},
				"up": {"uv": [0.25, 0.5, 0.75, 1], "texture": "#0"},
				"down": {"uv": [0.25, 0.5, 0.75, 1], "texture": "#0"}
			}
		},
		{
			"from": [12, 8.5, 12],
			"to": [4, 0.5, 4],
			"faces": {
				"north": {"uv": [12, 10.75, 12, 10.75], "rotation": 180, "texture": "#0"},
				"east": {"uv": [12, 12.75, 14, 14.75], "rotation": 180, "texture": "#0"},
				"south": {"uv": [14, 10.75, 12, 12.75], "rotation": 180, "texture": "#0"},
				"west": {"uv": [14, 12.75, 12, 14.75], "rotation": 180, "texture": "#0"},
				"up": {"uv": [0.25, 0.5, 0.75, 1], "texture": "#0"},
				"down": {"uv": [0.25, 0.5, 0.75, 1], "texture": "#0"}
			}
		},
		{
			"from": [4, 0, 4],
			"to": [12, 8, 12],
			"faces": {
				"north": {"uv": [14, 10.75, 16, 12.75], "texture": "#0"},
				"east": {"uv": [14, 12.75, 16, 14.75], "texture": "#0"},
				"south": {"uv": [14, 10.75, 14, 10.75], "texture": "#0"},
				"west": {"uv": [16, 12.75, 14, 14.75], "texture": "#0"},
				"up": {"uv": [0.25, 0.5, 0.75, 1], "texture": "#0"},
				"down": {"uv": [0.25, 0.5, 0.75, 1], "texture": "#0"}
			}
		},
		{
			"from": [12, 8, 12],
			"to": [4, 0, 4],
			"faces": {
				"north": {"uv": [14, 10.75, 14, 10.75], "rotation": 180, "texture": "#0"},
				"east": {"uv": [14, 12.75, 16, 14.75], "rotation": 180, "texture": "#0"},
				"south": {"uv": [16, 10.75, 14, 12.75], "rotation": 180, "texture": "#0"},
				"west": {"uv": [16, 12.75, 14, 14.75], "rotation": 180, "texture": "#0"},
				"up": {"uv": [0.25, 0.5, 0.75, 1], "texture": "#0"},
				"down": {"uv": [0.25, 0.5, 0.75, 1], "texture": "#0"}
			}
		}
	],
	"display": {
		"thirdperson_righthand": {
			"rotation": [75, 45, 0],
			"translation": [0, 4.5, 2.75]
		},
		"thirdperson_lefthand": {
			"rotation": [75, 45, 0],
			"translation": [0, 4.5, 2.75]
		},
		"firstperson_righthand": {
			"rotation": [0, 225, 0],
			"translation": [0, 4, 0],
			"scale": [0.8, 0.8, 0.8]
		},
		"firstperson_lefthand": {
			"rotation": [0, 225, 0],
			"translation": [0, 4, 0],
			"scale": [0.8, 0.8, 0.8]
		},
		"ground": {
			"translation": [0, 3, 0]
		},
		"gui": {
			"rotation": [30, 225, 0],
			"translation": [0, 3.5, 0]
		},
		"head": {
			"translation": [0, 9.5, 0],
			"scale": [2, 2, 2]
		},
		"fixed": {
			"rotation": [-90, 0, 0],
			"translation": [0, 0, -15],
			"scale": [2, 2, 2]
		}
	}
}