{
	"credit": "Made with Blockbench",
	"texture_size": [64, 64],
	"textures": {
		"0": "./flower_crown",
		"particle": "./flower_crown"
	},
	"elements": [
		{
			"from": [3.5, 5, 3.5],
			"to": [12.5, 10, 3.5],
			"faces": {
				"north": {"uv": [0, 0, 2.25, 1.25], "texture": "#0"},
				"east": {"uv": [0, 7.25, 0, 8.5], "texture": "#0"},
				"south": {"uv": [0, 1.5, 2.25, 2.75], "texture": "#0"},
				"west": {"uv": [0.25, 7.25, 0.25, 8.5], "texture": "#0"},
				"up": {"uv": [2.75, 7.25, 0.5, 7.25], "texture": "#0"},
				"down": {"uv": [9.75, 0, 7.5, 0], "texture": "#0"}
			}
		},
		{
			"from": [8.7, 5, 3.175],
			"to": [12.7, 9, 3.175],
			"rotation": {"angle": 0, "axis": "y", "origin": [0, 0, -0.25]},
			"faces": {
				"north": {"uv": [5, 0, 6, 1], "texture": "#0"},
				"east": {"uv": [3, 7.25, 3, 8.25], "texture": "#0"},
				"south": {"uv": [5, 1.25, 6, 2.25], "texture": "#0"},
				"west": {"uv": [3.25, 7.25, 3.25, 8.25], "texture": "#0"},
				"up": {"uv": [4.5, 7.25, 3.5, 7.25], "texture": "#0"},
				"down": {"uv": [8.5, 0.25, 7.5, 0.25], "texture": "#0"}
			}
		},
		{
			"from": [9, 5, 12.775],
			"to": [13, 9, 12.775],
			"rotation": {"angle": 0, "axis": "y", "origin": [0, 0, -0.25]},
			"faces": {
				"north": {"uv": [5, 2.5, 6, 3.5], "texture": "#0"},
				"east": {"uv": [4.75, 7.25, 4.75, 8.25], "texture": "#0"},
				"south": {"uv": [5, 3.75, 6, 4.75], "texture": "#0"},
				"west": {"uv": [0.5, 7.5, 0.5, 8.5], "texture": "#0"},
				"up": {"uv": [8.5, 0.5, 7.5, 0.5], "texture": "#0"},
				"down": {"uv": [1.75, 7.5, 0.75, 7.5], "texture": "#0"}
			}
		},
		{
			"from": [4, 5, 12.775],
			"to": [8, 9, 12.775],
			"rotation": {"angle": 0, "axis": "y", "origin": [0, 0, -0.25]},
			"faces": {
				"north": {"uv": [5, 5, 6, 6], "texture": "#0"},
				"east": {"uv": [7.5, 0.75, 7.5, 1.75], "texture": "#0"},
				"south": {"uv": [0, 6, 1, 7], "texture": "#0"},
				"west": {"uv": [2, 7.5, 2, 8.5], "texture": "#0"},
				"up": {"uv": [8.5, 2, 7.5, 2], "texture": "#0"},
				"down": {"uv": [8.5, 2.25, 7.5, 2.25], "texture": "#0"}
			}
		},
		{
			"from": [2.75, 6, 3.075],
			"to": [6.75, 10, 3.075],
			"rotation": {"angle": 22.5, "axis": "x", "origin": [4.75, 7, 3.175]},
			"faces": {
				"north": {"uv": [1.25, 6, 2.25, 7], "texture": "#0"},
				"east": {"uv": [2.25, 7.5, 2.25, 8.5], "texture": "#0"},
				"south": {"uv": [2.5, 6, 3.5, 7], "texture": "#0"},
				"west": {"uv": [2.5, 7.5, 2.5, 8.5], "texture": "#0"},
				"up": {"uv": [8.5, 2.5, 7.5, 2.5], "texture": "#0"},
				"down": {"uv": [8.5, 2.75, 7.5, 2.75], "texture": "#0"}
			}
		},
		{
			"from": [12.5, 5, 3.5],
			"to": [12.5, 10, 12.5],
			"faces": {
				"north": {"uv": [2.75, 7.5, 2.75, 8.75], "texture": "#0"},
				"east": {"uv": [2.5, 0, 4.75, 1.25], "texture": "#0"},
				"south": {"uv": [7.5, 3, 7.5, 4.25], "texture": "#0"},
				"west": {"uv": [2.5, 1.5, 4.75, 2.75], "texture": "#0"},
				"up": {"uv": [3.5, 9.75, 3.5, 7.5], "texture": "#0"},
				"down": {"uv": [3.75, 7.5, 3.75, 9.75], "texture": "#0"}
			}
		},
		{
			"from": [12.8, 4.2, 7.8],
			"to": [12.8, 8.2, 11.8],
			"faces": {
				"north": {"uv": [4, 7.5, 4, 8.5], "texture": "#0"},
				"east": {"uv": [3.75, 6, 4.75, 7], "texture": "#0"},
				"south": {"uv": [4.25, 7.5, 4.25, 8.5], "texture": "#0"},
				"west": {"uv": [6.25, 0, 7.25, 1], "texture": "#0"},
				"up": {"uv": [4.5, 8.5, 4.5, 7.5], "texture": "#0"},
				"down": {"uv": [7.5, 4.5, 7.5, 5.5], "texture": "#0"}
			}
		},
		{
			"from": [3.3, 4.2, 9.05],
			"to": [3.3, 8.2, 13.05],
			"faces": {
				"north": {"uv": [5, 7.5, 5, 8.5], "texture": "#0"},
				"east": {"uv": [6.25, 1.25, 7.25, 2.25], "texture": "#0"},
				"south": {"uv": [5.25, 7.5, 5.25, 8.5], "texture": "#0"},
				"west": {"uv": [6.25, 2.5, 7.25, 3.5], "texture": "#0"},
				"up": {"uv": [5.5, 8.5, 5.5, 7.5], "texture": "#0"},
				"down": {"uv": [5.75, 7.5, 5.75, 8.5], "texture": "#0"}
			}
		},
		{
			"from": [3.3, 5.2, 3.8],
			"to": [3.3, 9.2, 7.8],
			"faces": {
				"north": {"uv": [7.5, 5.75, 7.5, 6.75], "texture": "#0"},
				"east": {"uv": [6.25, 3.75, 7.25, 4.75], "texture": "#0"},
				"south": {"uv": [6, 7.5, 6, 8.5], "texture": "#0"},
				"west": {"uv": [5, 6.25, 6, 7.25], "texture": "#0"},
				"up": {"uv": [6.25, 8.5, 6.25, 7.5], "texture": "#0"},
				"down": {"uv": [6.5, 7.5, 6.5, 8.5], "texture": "#0"}
			}
		},
		{
			"from": [12.9, 5.1, 2.7],
			"to": [12.9, 9.1, 6.7],
			"rotation": {"angle": 22.5, "axis": "z", "origin": [12.8, 6.6, 4.5]},
			"faces": {
				"north": {"uv": [6.75, 7.5, 6.75, 8.5], "texture": "#0"},
				"east": {"uv": [6.25, 5, 7.25, 6], "texture": "#0"},
				"south": {"uv": [7, 7.5, 7, 8.5], "texture": "#0"},
				"west": {"uv": [6.25, 6.25, 7.25, 7.25], "texture": "#0"},
				"up": {"uv": [7.5, 8, 7.5, 7], "texture": "#0"},
				"down": {"uv": [7.25, 7.5, 7.25, 8.5], "texture": "#0"}
			}
		},
		{
			"from": [3.5, 5, 3.5],
			"to": [3.5, 10, 12.5],
			"faces": {
				"north": {"uv": [0.75, 7.75, 0.75, 9], "texture": "#0"},
				"east": {"uv": [0, 3, 2.25, 4.25], "texture": "#0"},
				"south": {"uv": [1, 7.75, 1, 9], "texture": "#0"},
				"west": {"uv": [2.5, 3, 4.75, 4.25], "texture": "#0"},
				"up": {"uv": [1.25, 10, 1.25, 7.75], "texture": "#0"},
				"down": {"uv": [1.5, 7.75, 1.5, 10], "texture": "#0"}
			}
		},
		{
			"from": [3.5, 5, 12.5],
			"to": [12.5, 10, 12.5],
			"faces": {
				"north": {"uv": [0, 4.5, 2.25, 5.75], "texture": "#0"},
				"east": {"uv": [1.75, 7.75, 1.75, 9], "texture": "#0"},
				"south": {"uv": [2.5, 4.5, 4.75, 5.75], "texture": "#0"},
				"west": {"uv": [7.75, 3, 7.75, 4.25], "texture": "#0"},
				"up": {"uv": [10, 0.75, 7.75, 0.75], "texture": "#0"},
				"down": {"uv": [10, 1, 7.75, 1], "texture": "#0"}
			}
		}
	],
	"display": {
		"thirdperson_righthand": {
			"translation": [0, 1.25, 0],
			"scale": [0.5, 0.5, 0.5]
		},
		"thirdperson_lefthand": {
			"translation": [0, 1, 0],
			"scale": [0.5, 0.5, 0.5]
		},
		"gui": {
			"rotation": [25, 21, 0],
			"translation": [0, 1, 0]
		},
		"head": {
			"translation": [0, 5, 0],
			"scale": [1.8, 1.8, 1.8]
		},
		"fixed": {
			"rotation": [-90, 0, 0],
			"translation": [0, 0, -1.75]
		}
	}
}