{
	"credit": "by Hoffen _InkGhoul",
	"texture_size": [64, 64],
	"textures": {
		"1": "niko_hat"
	},
	"elements": [
		{
			"from": [0, 0, 0],
			"to": [16, 1.25, 16],
			"faces": {
				"north": {"uv": [8, 6.25, 12, 6.75], "texture": "#1"},
				"east": {"uv": [8, 6.25, 12, 6.75], "texture": "#1"},
				"south": {"uv": [8, 6.25, 12, 6.75], "texture": "#1"},
				"west": {"uv": [8, 6.25, 12, 6.75], "texture": "#1"},
				"up": {"uv": [4, 4, 0, 0], "texture": "#1"},
				"down": {"uv": [4, 4, 0, 8], "texture": "#1"}
			}
		},
		{
			"from": [3, 1, 2.75],
			"to": [13, 5.75, 13],
			"rotation": {"angle": 0, "axis": "x", "origin": [9, 2, 3.25]},
			"faces": {
				"north": {"uv": [6.5, 0, 9, 1.25], "texture": "#1"},
				"east": {"uv": [6.5, 1.25, 9, 2.5], "texture": "#1"},
				"south": {"uv": [6.5, 2.5, 9, 3.75], "texture": "#1"},
				"west": {"uv": [9, 1.25, 6.5, 2.5], "texture": "#1"},
				"up": {"uv": [6.5, 2.5, 4, 0], "texture": "#1"},
				"down": {"uv": [6.5, 2.5, 4, 5], "texture": "#1"}
			}
		},
		{
			"from": [2, 7, 7],
			"to": [3, 8, 9],
			"rotation": {"angle": 0, "axis": "y", "origin": [2, 7, 7]},
			"faces": {
				"north": {"uv": [1, 0.5, 1.25, 0.75], "texture": "#1"},
				"east": {"uv": [0.5, 0.5, 1, 0.75], "texture": "#1"},
				"south": {"uv": [0.75, 0.5, 1, 0.75], "texture": "#1"},
				"west": {"uv": [0.5, 0.5, 1, 0.75], "texture": "#1"},
				"up": {"uv": [0.5, 0.75, 0.75, 1.25], "texture": "#1"},
				"down": {"uv": [0, 0.75, 0.25, 1.25], "texture": "#1"}
			}
		},
		{
			"from": [3, 1, 7],
			"to": [4, 8, 9],
			"rotation": {"angle": 0, "axis": "y", "origin": [3, 1, 7]},
			"faces": {
				"north": {"uv": [0.75, 0.5, 0.5, 2.25], "texture": "#1"},
				"east": {"uv": [0.5, 0.5, 0.75, 2.25], "texture": "#1"},
				"south": {"uv": [0.5, 0.75, 0.75, 2.5], "texture": "#1"},
				"west": {"uv": [0.5, 0.5, 0.75, 2.25], "texture": "#1"},
				"up": {"uv": [0.5, 0.5, 0.75, 1], "texture": "#1"},
				"down": {"uv": [0.5, 0.5, 0.75, 1], "texture": "#1"}
			}
		},
		{
			"from": [2.75, 1, 6],
			"to": [3.75, 7, 10],
			"rotation": {"angle": 0, "axis": "y", "origin": [2.75, 1, 6]},
			"faces": {
				"north": {"uv": [0.5, 0.5, 0.75, 2], "texture": "#1"},
				"east": {"uv": [0.5, 0.5, 0.75, 2], "texture": "#1"},
				"south": {"uv": [0.5, 0.5, 0.75, 2], "texture": "#1"},
				"west": {"uv": [5.5, 5.25, 5.75, 6.75], "texture": "#1"},
				"up": {"uv": [0.5, 0.5, 0.75, 1.5], "texture": "#1"},
				"down": {"uv": [0.5, 0.5, 0.75, 1.5], "texture": "#1"}
			}
		},
		{
			"from": [2, 1, 9],
			"to": [3, 7, 10],
			"rotation": {"angle": 0, "axis": "y", "origin": [2, 1, 9]},
			"faces": {
				"north": {"uv": [0, 0.5, 0.25, 2], "texture": "#1"},
				"east": {"uv": [0.5, 0.5, 0.75, 2], "texture": "#1"},
				"south": {"uv": [0.5, 0.5, 0.75, 2], "texture": "#1"},
				"west": {"uv": [0.5, 0.5, 0.75, 2], "texture": "#1"},
				"up": {"uv": [0.5, 0.5, 0.75, 0.75], "texture": "#1"},
				"down": {"uv": [0.5, 0.5, 0.75, 0.75], "texture": "#1"}
			}
		},
		{
			"from": [2, 1, 6],
			"to": [3, 7, 7],
			"rotation": {"angle": 0, "axis": "y", "origin": [2, 1, 6]},
			"faces": {
				"north": {"uv": [0.5, 1.25, 0.75, 2.75], "texture": "#1"},
				"east": {"uv": [0.5, 0.75, 0.75, 2.25], "texture": "#1"},
				"south": {"uv": [0, 1.75, 0.25, 3.25], "texture": "#1"},
				"west": {"uv": [0.5, 1.25, 0.75, 2.75], "texture": "#1"},
				"up": {"uv": [0.5, 1, 0.75, 1.25], "texture": "#1"},
				"down": {"uv": [0.5, 0.75, 0.75, 1], "texture": "#1"}
			}
		},
		{
			"from": [13, 7, 7],
			"to": [14, 8, 9],
			"rotation": {"angle": 0, "axis": "y", "origin": [13, 7, 7]},
			"faces": {
				"north": {"uv": [0.5, 0.5, 0.75, 0.75], "texture": "#1"},
				"east": {"uv": [0.5, 0.5, 1, 0.75], "texture": "#1"},
				"south": {"uv": [0.5, 0.5, 0.75, 0.75], "texture": "#1"},
				"west": {"uv": [0.5, 0.5, 1, 0.75], "texture": "#1"},
				"up": {"uv": [0.5, 0.5, 0.75, 1], "texture": "#1"},
				"down": {"uv": [0, 0.5, 0.25, 1], "texture": "#1"}
			}
		},
		{
			"from": [11.75, 1, 7],
			"to": [13, 8, 9],
			"rotation": {"angle": 0, "axis": "y", "origin": [11.75, 1, 7]},
			"faces": {
				"north": {"uv": [0.5, 0.5, 0.5625, 2.25], "texture": "#1"},
				"east": {"uv": [0.5, 0.5, 0.75, 2.25], "texture": "#1"},
				"south": {"uv": [0.5, 0.75, 0.5625, 2.5], "texture": "#1"},
				"west": {"uv": [0.5, 0.5, 0.75, 2.25], "texture": "#1"},
				"up": {"uv": [0.5, 0.5, 0.5625, 1], "texture": "#1"},
				"down": {"uv": [0.5, 0.5, 0.5625, 1], "texture": "#1"}
			}
		},
		{
			"from": [13, 1, 6],
			"to": [14, 7, 7],
			"rotation": {"angle": 0, "axis": "y", "origin": [13, 1, 6]},
			"faces": {
				"north": {"uv": [0.5, 1.25, 0.75, 2.75], "texture": "#1"},
				"east": {"uv": [0.5, 1.5, 0.75, 3], "texture": "#1"},
				"south": {"uv": [0, 1.25, 0.25, 2.75], "texture": "#1"},
				"west": {"uv": [0.5, 1.25, 0.75, 2.75], "texture": "#1"},
				"up": {"uv": [0.5, 0.5, 0.75, 0.75], "texture": "#1"},
				"down": {"uv": [0.5, 0.525, 0.75, 0.775], "texture": "#1"}
			}
		},
		{
			"from": [13, 1, 9],
			"to": [14, 7, 10],
			"rotation": {"angle": 0, "axis": "y", "origin": [13, 1, 9]},
			"faces": {
				"north": {"uv": [0, 0.5, 0.25, 2], "texture": "#1"},
				"east": {"uv": [0.5, 0.5, 0.75, 2], "texture": "#1"},
				"south": {"uv": [0.5, 0.5, 0.75, 2], "texture": "#1"},
				"west": {"uv": [0.5, 0.5, 0.75, 2], "texture": "#1"},
				"up": {"uv": [0.5, 0.5, 0.75, 0.75], "texture": "#1"},
				"down": {"uv": [0.5, 0.75, 0.75, 1], "texture": "#1"}
			}
		},
		{
			"from": [12.25, 1, 6],
			"to": [13.25, 7, 10],
			"rotation": {"angle": 0, "axis": "y", "origin": [12.25, 1, 6]},
			"faces": {
				"north": {"uv": [0.5, 0.5, 0.75, 2], "texture": "#1"},
				"east": {"uv": [6.25, 5.25, 6.5, 6.75], "texture": "#1"},
				"south": {"uv": [0.5, 0.5, 0.75, 2], "texture": "#1"},
				"west": {"uv": [0.5, 0.5, 0.75, 2], "texture": "#1"},
				"up": {"uv": [0.5, 0.5, 0.75, 1.5], "texture": "#1"},
				"down": {"uv": [0.5, 0.5, 0.75, 1.5], "texture": "#1"}
			}
		}
	],
	"gui_light": "front",
	"display": {
		"thirdperson_righthand": {
			"rotation": [-10.21, -18.97, -56.2],
			"translation": [7, 0, -3.5],
			"scale": [0.8, 0.8, 0.8]
		},
		"thirdperson_lefthand": {
			"rotation": [-10.21, -18.97, -56.2],
			"translation": [7, 0, -3.5],
			"scale": [0.8, 0.8, 0.8]
		},
		"firstperson_righthand": {
			"rotation": [5.32, 13.77, 6.73],
			"translation": [3, 5.75, 0],
			"scale": [0.6, 0.6, 0.6]
		},
		"firstperson_lefthand": {
			"rotation": [5.32, 13.77, 6.73],
			"translation": [3, 5.75, 0],
			"scale": [0.6, 0.6, 0.6]
		},
		"ground": {
			"translation": [0, 7.5, 0]
		},
		"gui": {
			"rotation": [-156.61, -57.68, -175.73],
			"translation": [0, 4.5, 0]
		},
		"head": {
			"rotation": [20.75, 0, 0],
			"translation": [0, 13.75, 5.5],
			"scale": [1.6, 1.6, 1.6]
		},
		"fixed": {
			"rotation": [-90, 0, 0],
			"translation": [0, 0, -14.5],
			"scale": [1.8, 1.8, 1.8]
		}
	},
	"groups": [
		{
			"name": "group",
			"origin": [8, 8, 8],
			"color": 0,
			"children": [
				0,
				1,
				{
					"name": "group",
					"origin": [2, 1, 6],
					"color": 0,
					"children": [2, 3, 4, 5, 6]
				},
				{
					"name": "group",
					"origin": [12.25, 1, 6],
					"color": 0,
					"children": [7, 8, 9, 10, 11]
				}
			]
		}
	]
}