{
	"credit": "by Hoffen _InkGhoul",
	"texture_size": [64, 64],
	"textures": {
		"1": "./paper_hat"
	},
	"elements": [
		{
			"from": [3, -2, 0],
			"to": [13, 3, 10],
			"rotation": {"angle": 0, "axis": "x", "origin": [3, 0, 0]},
			"faces": {
				"north": {"uv": [4, 9.3, 8, 11.875], "texture": "#1"},
				"east": {"uv": [0, 9.3, 4, 11.875], "texture": "#1"},
				"south": {"uv": [0, 9.3, 4, 11.875], "texture": "#1"},
				"west": {"uv": [0, 9.3, 4, 11.875], "texture": "#1"},
				"up": {"uv": [0, 11.875, 4, 16], "texture": "#1"},
				"down": {"uv": [8, 12, 4, 16], "texture": "#1"}
			}
		}
	],
	"gui_light": "front",
	"display": {
		"thirdperson_righthand": {
			"translation": [7, 0, -3.5],
			"scale": [0.8, 0.8, 0.8]
		},
		"thirdperson_lefthand": {
			"rotation": [-10.21, -18.97, -56.2],
			"translation": [7, 0, -3.5],
			"scale": [0.8, 0.8, 0.8]
		},
		"firstperson_righthand": {
			"rotation": [5.32, 13.77, 6.73],
			"translation": [3, 5.75, 0],
			"scale": [0.6, 0.6, 0.6]
		},
		"firstperson_lefthand": {
			"rotation": [5.32, 13.77, 6.73],
			"translation": [3, 5.75, 0],
			"scale": [0.6, 0.6, 0.6]
		},
		"ground": {
			"translation": [0, 7.5, 0]
		},
		"gui": {
			"rotation": [-156.61, -57.68, -175.73],
			"translation": [0, 4.5, 0]
		},
		"head": {
			"translation": [0, 16, 5.5],
			"scale": [1.6, 1.6, 1.6]
		},
		"fixed": {
			"rotation": [-90, 0, 0],
			"translation": [0, 0, -14.5],
			"scale": [1.8, 1.8, 1.8]
		}
	},
	"groups": [
		{
			"name": "group",
			"origin": [8, 8, 8],
			"color": 0,
			"children": [0]
		}
	]
}