{
	"credit": "by Hoffen _InkGhoul",
	"texture_size": [64, 64],
	"textures": {
		"1": "phae_hat"
	},
	"elements": [
		{
			"from": [0, 0, 0],
			"to": [16, 1.25, 16],
			"faces": {
				"north": {"uv": [8, 6.25, 12, 6.75], "texture": "#1"},
				"east": {"uv": [8, 6.25, 12, 6.75], "texture": "#1"},
				"south": {"uv": [8, 6.25, 12, 6.75], "texture": "#1"},
				"west": {"uv": [8, 6.25, 12, 6.75], "texture": "#1"},
				"up": {"uv": [4, 4, 0, 0], "texture": "#1"},
				"down": {"uv": [4, 4, 0, 8], "texture": "#1"}
			}
		},
		{
			"from": [0, -0.1, 0],
			"to": [16, -0.1, 16],
			"faces": {
				"north": {"uv": [12, 0, 16, 0.25], "texture": "#1"},
				"east": {"uv": [12, 0, 16, 0.25], "texture": "#1"},
				"south": {"uv": [12, 0, 16, 0.25], "texture": "#1"},
				"west": {"uv": [12, 0, 16, 0.25], "texture": "#1"},
				"up": {"uv": [16, 0, 12, 0], "texture": "#1"},
				"down": {"uv": [16, 10, 10, 16], "texture": "#1"}
			}
		},
		{
			"from": [3, 1, 2.75],
			"to": [13, 5.75, 13],
			"rotation": {"angle": 22.5, "axis": "x", "origin": [9, 2, 3.25]},
			"faces": {
				"north": {"uv": [6.5, 0, 9, 1.25], "texture": "#1"},
				"east": {"uv": [6.5, 1.25, 9, 2.5], "texture": "#1"},
				"south": {"uv": [6.5, 2.5, 9, 3.75], "texture": "#1"},
				"west": {"uv": [9, 1.25, 6.5, 2.5], "texture": "#1"},
				"up": {"uv": [6.5, 2.5, 4, 0], "texture": "#1"},
				"down": {"uv": [6.5, 2.5, 4, 5], "texture": "#1"}
			}
		},
		{
			"from": [4.25, 0.74673, 6.17934],
			"to": [11.75, 5.74673, 15.22934],
			"rotation": {"angle": 45, "axis": "x", "origin": [8, 5.44673, 9.95434]},
			"faces": {
				"north": {"uv": [8, 5, 10, 6.25], "texture": "#1"},
				"east": {"uv": [2.25, 8, 0, 9.25], "texture": "#1"},
				"south": {"uv": [7, 8.5, 9, 9.75], "texture": "#1"},
				"west": {"uv": [0, 8, 2.25, 9.25], "texture": "#1"},
				"up": {"uv": [6, 7.25, 4, 5], "texture": "#1"},
				"down": {"uv": [8, 5, 6, 7.25], "texture": "#1"}
			}
		},
		{
			"from": [5, 0.67173, 7.25434],
			"to": [11, 8.22173, 12.25434],
			"rotation": {"angle": -22.5, "axis": "x", "origin": [8, 5.44673, 9.95434]},
			"faces": {
				"north": {"uv": [4, 7.25, 5.5, 9.25], "texture": "#1"},
				"east": {"uv": [3.5, 8, 2.25, 10], "texture": "#1"},
				"south": {"uv": [5.5, 7.25, 7, 9.25], "texture": "#1"},
				"west": {"uv": [2.25, 8, 3.5, 10], "texture": "#1"},
				"up": {"uv": [10.5, 3.25, 9, 2], "texture": "#1"},
				"down": {"uv": [10.5, 3.25, 9, 4.5], "texture": "#1"}
			}
		},
		{
			"from": [8, 3.57173, 11.05434],
			"to": [8, 8.92173, 16.25434],
			"rotation": {"angle": 0, "axis": "x", "origin": [8, 5.44673, 9.95434]},
			"faces": {
				"north": {"uv": [0, 0, 0, 1.25], "texture": "#1"},
				"east": {"uv": [9, 8.5, 10.25, 9.75], "texture": "#1"},
				"south": {"uv": [0, 0, 0, 1.25], "texture": "#1"},
				"west": {"uv": [10.25, 8.5, 9, 9.75], "texture": "#1"},
				"up": {"uv": [0, 1.25, 0, 0], "texture": "#1"},
				"down": {"uv": [0, 0, 0, 1.25], "texture": "#1"}
			}
		}
	],
	"gui_light": "front",
	"display": {
		"thirdperson_righthand": {
			"rotation": [-10.21, -18.97, -56.2],
			"translation": [7, 0, -3.5],
			"scale": [0.8, 0.8, 0.8]
		},
		"thirdperson_lefthand": {
			"rotation": [-10.21, -18.97, -56.2],
			"translation": [7, 0, -3.5],
			"scale": [0.8, 0.8, 0.8]
		},
		"firstperson_righthand": {
			"rotation": [5.32, 13.77, 6.73],
			"translation": [3, 5.75, 0],
			"scale": [0.6, 0.6, 0.6]
		},
		"firstperson_lefthand": {
			"rotation": [5.32, 13.77, 6.73],
			"translation": [3, 5.75, 0],
			"scale": [0.6, 0.6, 0.6]
		},
		"ground": {
			"translation": [0, 7.5, 0]
		},
		"gui": {
			"rotation": [-156.61, -57.68, -175.73],
			"translation": [0, 4.5, 0]
		},
		"head": {
			"rotation": [20.75, 0, 0],
			"translation": [0, 16, 5.5],
			"scale": [1.6, 1.6, 1.6]
		},
		"fixed": {
			"rotation": [-90, 0, 0],
			"translation": [0, 0, -14.5],
			"scale": [1.8, 1.8, 1.8]
		}
	},
	"groups": [
		{
			"name": "group",
			"origin": [8, 8, 8],
			"color": 0,
			"children": [0, 1, 2, 3, 4, 5]
		}
	]
}