{
	"credit": "Created with Blockbench [Exported as resourcepack with the \"resourcepack_packager\" plugin]",
	"texture_size": [64, 64],
	"textures": {
		"1": "block/carved_pumpkin/texture",
		"particle": "block/carved_pumpkin/texture"
	},
	"elements": [
		{
			"from": [2, 10, 2],
			"to": [14, 11, 14],
			"rotation": {"angle": 0, "axis": "y", "origin": [0, 10, 0]},
			"faces": {
				"north": {"uv": [7.75, 6.75, 10.75, 7], "texture": "#1"},
				"east": {"uv": [7.75, 7, 10.75, 7.25], "texture": "#1"},
				"south": {"uv": [7.75, 7.25, 10.75, 7.5], "texture": "#1"},
				"west": {"uv": [8, 0, 11, 0.25], "texture": "#1"},
				"up": {"uv": [3, 3, 0, 0], "texture": "#1"},
				"down": {"uv": [3, 3, 0, 6], "texture": "#1"}
			}
		},
		{
			"from": [5, 11, 5],
			"to": [11, 17, 11],
			"rotation": {"angle": 0, "axis": "y", "origin": [0, 10, 0]},
			"faces": {
				"north": {"uv": [5.5, 3.5, 7, 5], "texture": "#1"},
				"east": {"uv": [4, 5.5, 5.5, 7], "texture": "#1"},
				"south": {"uv": [5.5, 5, 7, 6.5], "texture": "#1"},
				"west": {"uv": [0, 6, 1.5, 7.5], "texture": "#1"},
				"up": {"uv": [3, 7.5, 1.5, 6], "texture": "#1"},
				"down": {"uv": [8, 1, 6.5, 2.5], "texture": "#1"}
			}
		},
		{
			"from": [5.5, 18, 3],
			"to": [10.5, 23, 8],
			"rotation": {"angle": 22.5, "axis": "x", "origin": [0, 10, 0]},
			"faces": {
				"north": {"uv": [0, 7.5, 1.25, 8.75], "texture": "#1"},
				"east": {"uv": [1.25, 7.5, 2.5, 8.75], "texture": "#1"},
				"south": {"uv": [5, 7.5, 6.25, 8.75], "texture": "#1"},
				"west": {"uv": [6.25, 7.5, 7.5, 8.75], "texture": "#1"},
				"up": {"uv": [8.75, 8.75, 7.5, 7.5], "texture": "#1"},
				"down": {"uv": [9, 5.5, 7.75, 6.75], "texture": "#1"}
			}
		},
		{
			"from": [7, 23, -0.75],
			"to": [9, 27, 1.25],
			"rotation": {"angle": 45, "axis": "x", "origin": [0, 10, 0]},
			"faces": {
				"north": {"uv": [7, 5.5, 7.5, 6.5], "texture": "#1"},
				"east": {"uv": [8, 0.25, 8.5, 1.25], "texture": "#1"},
				"south": {"uv": [8, 1.25, 8.5, 2.25], "texture": "#1"},
				"west": {"uv": [3, 8, 3.5, 9], "texture": "#1"},
				"up": {"uv": [5.5, 7.5, 5, 7], "texture": "#1"},
				"down": {"uv": [8.75, 3.5, 8.25, 4], "texture": "#1"}
			}
		},
		{
			"from": [4, 9, 7.5],
			"to": [5, 12, 8.5],
			"rotation": {"angle": 22.5, "axis": "z", "origin": [0, 10, 0]},
			"faces": {
				"north": {"uv": [7.5, 5.5, 7.75, 6.25], "texture": "#1"},
				"east": {"uv": [3.75, 8, 4, 8.75], "texture": "#1"},
				"south": {"uv": [8.25, 4.75, 8.5, 5.5], "texture": "#1"},
				"west": {"uv": [8.5, 0.25, 8.75, 1], "texture": "#1"},
				"up": {"uv": [7.75, 6.5, 7.5, 6.25], "texture": "#1"},
				"down": {"uv": [8.75, 1.75, 8.5, 2], "texture": "#1"}
			}
		},
		{
			"from": [10, 15, 7.5],
			"to": [11, 18, 8.5],
			"rotation": {"angle": -22.5, "axis": "z", "origin": [0, 10, 0]},
			"faces": {
				"north": {"uv": [8.5, 1, 8.75, 1.75], "texture": "#1"},
				"east": {"uv": [8.5, 4.75, 8.75, 5.5], "texture": "#1"},
				"south": {"uv": [0, 8.75, 0.25, 9.5], "texture": "#1"},
				"west": {"uv": [0.25, 8.75, 0.5, 9.5], "texture": "#1"},
				"up": {"uv": [8.75, 2.25, 8.5, 2], "texture": "#1"},
				"down": {"uv": [9, 0.25, 8.75, 0.5], "texture": "#1"}
			}
		},
		{
			"from": [3, -2, 3.5],
			"to": [13, 2, 12.5],
			"faces": {
				"north": {"uv": [3, 4.5, 5.5, 5.5], "texture": "#1"},
				"east": {"uv": [6.5, 2.5, 8.75, 3.5], "texture": "#1"},
				"south": {"uv": [5.5, 0, 8, 1], "texture": "#1"},
				"west": {"uv": [5.5, 6.5, 7.75, 7.5], "texture": "#1"},
				"up": {"uv": [5.5, 2.25, 3, 0], "texture": "#1"},
				"down": {"uv": [5.5, 2.25, 3, 4.5], "texture": "#1"}
			}
		},
		{
			"from": [4, -8, 12.5],
			"to": [8, 2, 13.5],
			"faces": {
				"north": {"uv": [5.5, 1, 6.5, 3.5], "texture": "#1"},
				"east": {"uv": [2.5, 7.5, 2.75, 10], "texture": "#1"},
				"south": {"uv": [3, 5.5, 4, 8], "texture": "#1"},
				"west": {"uv": [2.75, 7.5, 3, 10], "texture": "#1"},
				"up": {"uv": [9, 2.5, 8, 2.25], "texture": "#1"},
				"down": {"uv": [9.25, 4, 8.25, 4.25], "texture": "#1"}
			}
		},
		{
			"from": [8, -6, 12.5],
			"to": [12, 2, 13.5],
			"faces": {
				"north": {"uv": [7, 3.5, 8, 5.5], "texture": "#1"},
				"east": {"uv": [3.5, 8, 3.75, 10], "texture": "#1"},
				"south": {"uv": [4, 7, 5, 9], "texture": "#1"},
				"west": {"uv": [8, 3.5, 8.25, 5.5], "texture": "#1"},
				"up": {"uv": [9.25, 4.5, 8.25, 4.25], "texture": "#1"},
				"down": {"uv": [9.25, 4.5, 8.25, 4.75], "texture": "#1"}
			}
		}
	],
	"display": {
		"thirdperson_righthand": {
			"rotation": [3.04, -0.04, -1],
			"translation": [0, -1, 0.75],
			"scale": [0.5, 0.5, 0.5]
		},
		"thirdperson_lefthand": {
			"rotation": [2.8, -7.93, -1.04],
			"translation": [0.5, -0.75, 0.75],
			"scale": [0.5, 0.5, 0.5]
		},
		"firstperson_righthand": {
			"translation": [2.75, -2, 0],
			"scale": [0.5, 0.5, 0.5]
		},
		"firstperson_lefthand": {
			"translation": [2.5, -2, 0],
			"scale": [0.5, 0.5, 0.5]
		},
		"ground": {
			"translation": [0, -6.25, 0]
		},
		"gui": {
			"rotation": [-143.89, -28.62, 177.78],
			"translation": [0, -0.5, 0],
			"scale": [0.7, 0.7, 0.7]
		},
		"head": {
			"rotation": [7, 0, 0],
			"translation": [0, 3.25, 1],
			"scale": [1.51, 1.51, 1.51]
		},
		"fixed": {
			"rotation": [-89.75, 0, 0],
			"translation": [0, 0, 4],
			"scale": [2, 2, 2]
		}
	}
}